timestamp,road_name,lat,lon,current_speed,free_flow_speed,current_travel_time,free_flow_travel_time,confidence,event_timestamp,congestion_percent,congestion_level,local_hour,weather_timestamp,weather_event_timestamp,weather_lat,weather_lon,temperature,humidity,precipitation,rain,wind_speed,weather_code,weather_matched,weather_time_diff_minutes
2026-09-23T04:45:21+00:00,Nguyen Trai,20.9983,105.7929,23.0,39.0,887.0,523.0,0.978684,2026-09-23T04:45:21+00:00,41.02564102564102,Ùn tắc,11,2026-09-23T05:30:00+00:00,2026-09-23T05:30:00+00:00,20.984182,105.79108,30.3,74.0,0.0,0.0,3.1,3,true,44.65
2026-09-23T04:45:22+00:00,Truong Chinh,20.9975,105.8348,23.0,37.0,692.0,430.0,0.984063,2026-09-23T04:45:22+00:00,37.83783783783784,Đông,11,2026-09-23T05:30:00+00:00,2026-09-23T05:30:00+00:00,20.984182,105.79108,30.3,74.0,0.0,0.0,3.1,3,true,44.63333333333333
2026-09-23T04:45:23+00:00,Giai Phong,20.9919,105.8355,20.0,35.0,1287.0,735.0,0.988581,2026-09-23T04:45:23+00:00,42.85714285714286,Ùn tắc,11,2026-09-23T05:30:00+00:00,2026-09-23T05:30:00+00:00,20.984182,105.79108,30.3,74.0,0.0,0.0,3.1,3,true,44.61666666666667
2026-09-23T04:45:24+00:00,Cau Giay,21.0285,105.8003,44.0,55.0,1050.0,840.0,1.0,2026-09-23T04:45:24+00:00,19.999999999999996,Thông thoáng,11,2026-09-23T05:30:00+00:00,2026-09-23T05:30:00+00:00,21.05448,105.807106,30.3,73.0,0.0,0.0,2.9,3,true,44.6
2026-09-23T04:45:25+00:00,Xuan Thuy,21.0327,105.7829,25.0,38.0,466.0,307.0,0.986771,2026-09-23T04:45:25+00:00,34.210526315789465,Đông,11,2026-09-23T05:30:00+00:00,2026-09-23T05:30:00+00:00,21.05448,105.807106,30.3,73.0,0.0,0.0,2.9,3,true,44.583333333333336
2026-09-23T04:45:29+00:00,Nguyen Trai,20.9983,105.7929,23.0,39.0,887.0,523.0,0.978684,2026-09-23T04:45:29+00:00,41.02564102564102,Ùn tắc,11,2026-09-23T05:30:00+00:00,2026-09-23T05:30:00+00:00,20.984182,105.79108,30.3,74.0,0.0,0.0,3.1,3,true,44.516666666666666
2026-09-23T04:45:29+00:00,Truong Chinh,20.9975,105.8348,23.0,37.0,692.0,430.0,0.984063,2026-09-23T04:45:29+00:00,37.83783783783784,Đông,11,2026-09-23T05:30:00+00:00,2026-09-23T05:30:00+00:00,20.984182,105.79108,30.3,74.0,0.0,0.0,3.1,3,true,44.516666666666666
2026-09-23T04:45:30+00:00,Giai Phong,20.9919,105.8355,20.0,35.0,1287.0,735.0,0.988581,2026-09-23T04:45:30+00:00,42.85714285714286,Ùn tắc,11,2026-09-23T05:30:00+00:00,2026-09-23T05:30:00+00:00,20.984182,105.79108,30.3,74.0,0.0,0.0,3.1,3,true,44.5
2026-09-23T04:45:31+00:00,Cau Giay,21.0285,105.8003,44.0,55.0,1050.0,840.0,1.0,2026-09-23T04:45:31+00:00,19.999999999999996,Thông thoáng,11,2026-09-23T05:30:00+00:00,2026-09-23T05:30:00+00:00,21.05448,105.807106,30.3,73.0,0.0,0.0,2.9,3,true,44.483333333333334
2026-09-23T04:45:32+00:00,Xuan Thuy,21.0327,105.7829,25.0,38.0,466.0,307.0,0.986771,2026-09-23T04:45:32+00:00,34.210526315789465,Đông,11,2026-09-23T05:30:00+00:00,2026-09-23T05:30:00+00:00,21.05448,105.807106,30.3,73.0,0.0,0.0,2.9,3,true,44.46666666666667
2026-09-23T06:34:24+00:00,Nguyen Trai,20.9983,105.7929,26.0,40.0,785.0,510.0,0.987398,2026-09-23T06:34:24+00:00,35.0,Đông,13,2026-09-23T06:30:00+00:00,2026-09-23T06:30:00+00:00,20.984182,105.79108,30.4,72.0,0.1,0.0,1.4,95,true,4.4
2026-09-23T06:34:25+00:00,Truong Chinh,20.9975,105.8348,21.0,37.0,758.0,430.0,0.991074,2026-09-23T06:34:25+00:00,43.24324324324324,Ùn tắc,13,2026-09-23T06:30:00+00:00,2026-09-23T06:30:00+00:00,20.984182,105.79108,30.4,72.0,0.1,0.0,1.4,95,true,4.416666666666667
2026-09-23T06:34:26+00:00,Giai Phong,20.9919,105.8355,23.0,34.0,1119.0,757.0,0.985016,2026-09-23T06:34:26+00:00,32.35294117647059,Đông,13,2026-09-23T06:30:00+00:00,2026-09-23T06:30:00+00:00,20.984182,105.79108,30.4,72.0,0.1,0.0,1.4,95,true,4.433333333333334
2026-09-23T06:34:27+00:00,Cau Giay,21.0285,105.8003,47.0,55.0,983.0,840.0,1.0,2026-09-23T06:34:27+00:00,14.54545454545455,Thông thoáng,13,2026-09-23T06:30:00+00:00,2026-09-23T06:30:00+00:00,21.05448,105.807106,30.5,72.0,0.1,0.1,1.4,51,true,4.45
2026-09-23T06:34:28+00:00,Xuan Thuy,21.0327,105.7829,28.0,38.0,416.0,307.0,0.982119,2026-09-23T06:34:28+00:00,26.315789473684216,Đông,13,2026-09-23T06:30:00+00:00,2026-09-23T06:30:00+00:00,21.05448,105.807106,30.5,72.0,0.1,0.1,1.4,51,true,4.466666666666667
2026-09-29T04:50:00+00:00,Nguyen Trai,20.9983,105.7929,25.0,39.0,816.0,523.0,0.979184,2026-09-29T04:50:00+00:00,35.89743589743589,Đông,11,2026-09-29T04:45:00+00:00,2026-09-29T04:45:00+00:00,20.984182,105.79108,33.9,58.0,0.0,0.0,2.9,1,true,5.0
2026-09-29T04:50:00+00:00,Truong Chinh,20.9975,105.8348,21.0,37.0,758.0,430.0,0.990138,2026-09-29T04:50:00+00:00,43.24324324324324,Ùn tắc,11,2026-09-29T04:45:00+00:00,2026-09-29T04:45:00+00:00,20.984182,105.79108,33.9,58.0,0.0,0.0,2.9,1,true,5.0
2026-09-29T04:50:01+00:00,Giai Phong,20.9919,105.8355,19.0,35.0,1355.0,735.0,0.986918,2026-09-29T04:50:01+00:00,45.714285714285715,Ùn tắc,11,2026-09-29T04:45:00+00:00,2026-09-29T04:45:00+00:00,20.984182,105.79108,33.9,58.0,0.0,0.0,2.9,1,true,5.016666666666667
2026-09-29T04:50:02+00:00,Cau Giay,21.0285,105.8003,45.0,55.0,1027.0,840.0,1.0,2026-09-29T04:50:02+00:00,18.181818181818176,Thông thoáng,11,2026-09-29T04:45:00+00:00,2026-09-29T04:45:00+00:00,21.05448,105.807106,33.5,60.0,0.0,0.0,3.4,1,true,5.033333333333333
2026-09-29T04:50:03+00:00,Dai Co Viet,21.0082,105.8469,22.0,29.0,486.0,369.0,0.918964,2026-09-29T04:50:03+00:00,24.13793103448276,Đông,11,2026-09-29T04:45:00+00:00,2026-09-29T04:45:00+00:00,20.984182,105.882355,33.4,60.0,0.0,0.0,4.4,0,true,5.05
2026-09-29T04:50:03+00:00,Xuan Thuy,21.0327,105.7829,27.0,38.0,432.0,307.0,0.98321,2026-09-29T04:50:03+00:00,28.947368421052634,Đông,11,2026-09-29T04:45:00+00:00,2026-09-29T04:45:00+00:00,21.05448,105.807106,33.5,60.0,0.0,0.0,3.4,1,true,5.05
2026-09-29T05:52:32+00:00,Nguyen Trai,20.9983,105.7929,26.0,40.0,785.0,510.0,0.98719,2026-09-29T05:52:32+00:00,35.0,Đông,12,2026-09-29T05:45:00+00:00,2026-09-29T05:45:00+00:00,20.984182,105.79108,34.5,53.0,0.0,0.0,4.0,3,true,7.533333333333333
2026-09-29T05:52:33+00:00,Truong Chinh,20.9975,105.8348,24.0,37.0,663.0,430.0,0.995067,2026-09-29T05:52:33+00:00,35.13513513513513,Đông,12,2026-09-29T05:45:00+00:00,2026-09-29T05:45:00+00:00,20.984182,105.79108,34.5,53.0,0.0,0.0,4.0,3,true,7.55
2026-09-29T05:52:34+00:00,Cau Giay,21.0285,105.8003,56.0,56.0,825.0,825.0,1.0,2026-09-29T05:52:34+00:00,0.0,Thông thoáng,12,2026-09-29T05:45:00+00:00,2026-09-29T05:45:00+00:00,21.05448,105.807106,34.2,55.0,0.0,0.0,3.8,3,true,7.566666666666666
2026-09-29T05:52:34+00:00,Giai Phong,20.9919,105.8355,23.0,35.0,1119.0,735.0,0.992828,2026-09-29T05:52:34+00:00,34.285714285714285,Đông,12,2026-09-29T05:45:00+00:00,2026-09-29T05:45:00+00:00,20.984182,105.79108,34.5,53.0,0.0,0.0,4.0,3,true,7.566666666666666
2026-09-29T05:52:35+00:00,Xuan Thuy,21.0327,105.7829,28.0,38.0,416.0,307.0,0.986975,2026-09-29T05:52:35+00:00,26.315789473684216,Đông,12,2026-09-29T05:45:00+00:00,2026-09-29T05:45:00+00:00,21.05448,105.807106,34.2,55.0,0.0,0.0,3.8,3,true,7.583333333333333
2026-09-29T05:52:36+00:00,Dai Co Viet,21.0082,105.8469,24.0,29.0,445.0,369.0,0.949473,2026-09-29T05:52:36+00:00,17.24137931034483,Thông thoáng,12,2026-09-29T05:45:00+00:00,2026-09-29T05:45:00+00:00,20.984182,105.882355,34.0,56.0,0.0,0.0,4.2,3,true,7.6
2026-09-29T05:54:24+00:00,Nguyen Trai,20.9983,105.7929,24.0,40.0,850.0,510.0,0.987735,2026-09-29T05:54:24+00:00,40.0,Đông,12,2026-09-29T05:45:00+00:00,2026-09-29T05:45:00+00:00,20.984182,105.79108,34.5,53.0,0.0,0.0,4.0,3,true,9.4
2026-09-29T05:54:25+00:00,Truong Chinh,20.9975,105.8348,24.0,37.0,663.0,430.0,0.995067,2026-09-29T05:54:25+00:00,35.13513513513513,Đông,12,2026-09-29T05:45:00+00:00,2026-09-29T05:45:00+00:00,20.984182,105.79108,34.5,53.0,0.0,0.0,4.0,3,true,9.416666666666666
2026-09-29T05:54:26+00:00,Cau Giay,21.0285,105.8003,46.0,56.0,1005.0,825.0,1.0,2026-09-29T05:54:26+00:00,17.85714285714286,Thông thoáng,12,2026-09-29T05:45:00+00:00,2026-09-29T05:45:00+00:00,21.05448,105.807106,34.2,55.0,0.0,0.0,3.8,3,true,9.433333333333334
2026-09-29T05:54:26+00:00,Giai Phong,20.9919,105.8355,23.0,34.0,1119.0,757.0,0.992526,2026-09-29T05:54:26+00:00,32.35294117647059,Đông,12,2026-09-29T05:45:00+00:00,2026-09-29T05:45:00+00:00,20.984182,105.79108,34.5,53.0,0.0,0.0,4.0,3,true,9.433333333333334
2026-09-29T05:54:27+00:00,Xuan Thuy,21.0327,105.7829,27.0,38.0,432.0,307.0,0.986241,2026-09-29T05:54:27+00:00,28.947368421052634,Đông,12,2026-09-29T05:45:00+00:00,2026-09-29T05:45:00+00:00,21.05448,105.807106,34.2,55.0,0.0,0.0,3.8,3,true,9.45
2026-09-29T05:54:28+00:00,Dai Co Viet,21.0082,105.8469,29.0,29.0,369.0,369.0,1.0,2026-09-29T05:54:28+00:00,0.0,Thông thoáng,12,2026-09-29T05:45:00+00:00,2026-09-29T05:45:00+00:00,20.984182,105.882355,34.0,56.0,0.0,0.0,4.2,3,true,9.466666666666667
