timestamp,road_name,lat,lon,current_speed,free_flow_speed,current_travel_time,free_flow_travel_time,confidence
2026-09-23T04:45:21+00:00,Nguyen Trai,20.9983,105.7929,23,39,887,523,0.978684
2026-09-23T04:45:22+00:00,Truong Chinh,20.9975,105.8348,23,37,692,430,0.984063
2026-09-23T04:45:23+00:00,Giai Phong,20.9919,105.8355,20,35,1287,735,0.988581
2026-09-23T04:45:24+00:00,Cau Giay,21.0285,105.8003,44,55,1050,840,1
2026-09-23T04:45:25+00:00,Xuan Thuy,21.0327,105.7829,25,38,466,307,0.986771
2026-09-23T04:45:29+00:00,Nguyen Trai,20.9983,105.7929,23,39,887,523,0.978684
2026-09-23T04:45:29+00:00,Truong Chinh,20.9975,105.8348,23,37,692,430,0.984063
2026-09-23T04:45:30+00:00,Giai Phong,20.9919,105.8355,20,35,1287,735,0.988581
2026-09-23T04:45:31+00:00,Cau Giay,21.0285,105.8003,44,55,1050,840,1
2026-09-23T04:45:32+00:00,Xuan Thuy,21.0327,105.7829,25,38,466,307,0.986771
2026-09-23T06:34:24+00:00,Nguyen Trai,20.9983,105.7929,26,40,785,510,0.987398
2026-09-23T06:34:25+00:00,Truong Chinh,20.9975,105.8348,21,37,758,430,0.991074
2026-09-23T06:34:26+00:00,Giai Phong,20.9919,105.8355,23,34,1119,757,0.985016
2026-09-23T06:34:27+00:00,Cau Giay,21.0285,105.8003,47,55,983,840,1
2026-09-23T06:34:28+00:00,Xuan Thuy,21.0327,105.7829,28,38,416,307,0.982119
2026-09-29T04:50:00+00:00,Nguyen Trai,20.9983,105.7929,25,39,816,523,0.979184
2026-09-29T04:50:00+00:00,Truong Chinh,20.9975,105.8348,21,37,758,430,0.990138
2026-09-29T04:50:01+00:00,Giai Phong,20.9919,105.8355,19,35,1355,735,0.986918
2026-09-29T04:50:02+00:00,Cau Giay,21.0285,105.8003,45,55,1027,840,1
2026-09-29T04:50:03+00:00,Xuan Thuy,21.0327,105.7829,27,38,432,307,0.98321
2026-09-29T04:50:03+00:00,Dai Co Viet,21.0082,105.8469,22,29,486,369,0.918964
2026-09-29T05:52:32+00:00,Nguyen Trai,20.9983,105.7929,26,40,785,510,0.98719
2026-09-29T05:52:33+00:00,Truong Chinh,20.9975,105.8348,24,37,663,430,0.995067
2026-09-29T05:52:34+00:00,Giai Phong,20.9919,105.8355,23,35,1119,735,0.992828
2026-09-29T05:52:34+00:00,Cau Giay,21.0285,105.8003,56,56,825,825,1
2026-09-29T05:52:35+00:00,Xuan Thuy,21.0327,105.7829,28,38,416,307,0.986975
2026-09-29T05:52:36+00:00,Dai Co Viet,21.0082,105.8469,24,29,445,369,0.949473
2026-09-29T05:54:24+00:00,Nguyen Trai,20.9983,105.7929,24,40,850,510,0.987735
2026-09-29T05:54:25+00:00,Truong Chinh,20.9975,105.8348,24,37,663,430,0.995067
2026-09-29T05:54:26+00:00,Giai Phong,20.9919,105.8355,23,34,1119,757,0.992526
2026-09-29T05:54:26+00:00,Cau Giay,21.0285,105.8003,46,56,1005,825,1
2026-09-29T05:54:27+00:00,Xuan Thuy,21.0327,105.7829,27,38,432,307,0.986241
2026-09-29T05:54:28+00:00,Dai Co Viet,21.0082,105.8469,29,29,369,369,1
