timestamp,road_name,lat,lon,weather_lat,weather_lon,temperature,humidity,precipitation,rain,wind_speed,weather_code
2026-09-23T05:30:00+00:00,Nguyen Trai,20.9983,105.7929,20.984182,105.79108,30.3,74,0.0,0.0,3.1,3
2026-09-23T05:30:00+00:00,Truong Chinh,20.9975,105.8348,20.984182,105.79108,30.3,74,0.0,0.0,3.1,3
2026-09-23T05:30:00+00:00,Giai Phong,20.9919,105.8355,20.984182,105.79108,30.3,74,0.0,0.0,3.1,3
2026-09-23T05:30:00+00:00,Cau Giay,21.0285,105.8003,21.05448,105.807106,30.3,73,0.0,0.0,2.9,3
2026-09-23T05:30:00+00:00,Xuan Thuy,21.0327,105.7829,21.05448,105.807106,30.3,73,0.0,0.0,2.9,3
2026-09-23T06:30:00+00:00,Nguyen Trai,20.9983,105.7929,20.984182,105.79108,30.4,72,0.1,0.0,1.4,95
2026-09-23T06:30:00+00:00,Truong Chinh,20.9975,105.8348,20.984182,105.79108,30.4,72,0.1,0.0,1.4,95
2026-09-23T06:30:00+00:00,Giai Phong,20.9919,105.8355,20.984182,105.79108,30.4,72,0.1,0.0,1.4,95
2026-09-23T06:30:00+00:00,Cau Giay,21.0285,105.8003,21.05448,105.807106,30.5,72,0.1,0.1,1.4,51
2026-09-23T06:30:00+00:00,Xuan Thuy,21.0327,105.7829,21.05448,105.807106,30.5,72,0.1,0.1,1.4,51
